{"a1_runtimes": {}, "a2_runtimes": {}, "a3_runtimes": {"1": [5.72293, 90.05713, 240.00995, 240.01881, 240.01941, 4.6862, 240.0079, 180.84792, 7.73505, 20.09654, 240.01622, 110.83911, 195.26805, 3.56524, 109.51941, 210.71101, 19.68485, 3.72424, 240.00565, 3.21201, 10.18738, 2.74308, 240.01023, 124.53936, 240.0064, 149.07605, 8.07297, 3.7545, 2.597, 240.00738], "21": [34.33127, 140.01982, 48.70926, 24.82524, 18.2201, 68.52694, 15.51261, 8.59653, 4.99474, 7.32874, 53.74439, 65.68359, 7.33589, 11.02342, 124.16093, 47.8031, 51.69549, 24.31607, 88.46136, 54.56849, 147.2236, 7.66561, 30.5524, 192.11802, 29.97708, 45.66908, 51.114, 6.28198, 13.71838, 53.04526], "41": [36.44167, 240.03603, 16.04194, 240.00241, 26.40861, 11.76171, 33.94169, 33.5426, 60.13611, 118.27607, 240.0081, 240.00597, 140.78434, 18.78019, 93.52493, 70.65951, 238.2499, 45.91242, 240.00767, 10.39477, 32.81975, 205.20423, 240.00907, 22.30958, 74.44773, 40.12371, 205.15431, 57.65485, 79.4545, 43.57562], "61": [240.03763, 9.31438, 218.85195, 15.91415, 54.40889, 240.00689, 240.03501, 35.72403, 175.56302, 39.83134, 66.42864, 50.66432, 77.56042, 0.09702, 0.92364, 219.31847, 2.23676, 32.73113, 90.45243, 99.39573, 32.54516, 83.80503, 45.25447, 183.14886, 72.33773, 50.03345, 33.2812, 240.06248, 240.0095, 37.37409]}, "a4_runtimes": {}, "a5_runtimes": {}}