{"a1_runtimes": {}, "a2_runtimes": {}, "a3_runtimes": {"61": [36.19304, 24.20825, 8.75945, 35.57994, 33.00888, 16.50787, 84.88451, 17.25605, 240.0409, 231.17347, 35.37141, 48.40646, 17.179, 47.2544, 103.96269, 22.35656, 26.00875, 30.7935, 129.01291, 51.88447, 23.46691, 8.00415, 28.71082, 34.2404, 15.71938, 240.0136, 29.37765, 119.87702, 10.90138, 234.08814], "81": [76.60986, 113.67571, 240.03483, 104.98697, 107.48149, 240.04638, 139.1141, 0.73276, 32.72242, 92.38541, 41.81017, 67.75812, 34.93851, 62.14414, 36.12079, 135.02011, 61.25075, 26.17997, 240.0444, 10.7292, 8.50288, 59.8734, 61.75552, 68.74715, 29.12023, 19.42228, 83.16879, 240.02185, 7.06002, 59.54108]}, "a4_runtimes": {}, "a5_runtimes": {}}