{"a1_runtimes": {}, "a2_runtimes": {}, "a3_runtimes": {}, "a4_runtimes": {"381": [8.36995, 4.09836, 6.25893, 9.32476, 0.33714, 1.91939, 4.08916, 4.80895, 10.81737, 10.05324, 6.86138, 2.38187, 9.72555, 5.50492, 1.25975, 9.34733, 18.01797, 1.82511, 0.17728, 0.95031, 3.85889, 0.39106, 11.39466, 2.57172, 13.74265, 1.06193, 2.22067, 27.49838, 0.87381, 7.00325], "382": [0.33613, 8.24419, 9.18252, 1.70776, 7.65436, 13.76633, 1.48496, 13.62247, 4.657, 29.05287, 22.53026, 1.42959, 1.85155, 1.29458, 5.67841, 0.68294, 14.14847, 10.75331, 19.55059, 14.31406, 9.79089, 1.89819, 17.05997, 7.54366, 1.76601, 22.7153, 6.02456, 17.55707, 3.13608, 3.01737]}, "a5_runtimes": {}}