{"a1_runtimes": {}, "a2_runtimes": {}, "a3_runtimes": {}, "a4_runtimes": {"1": [12.77446, 25.33203, 60.21085, 121.31627, 31.69883, 23.28879, 22.89517, 31.31101, 26.42307, 25.4936, 16.1544, 22.57928, 20.16326, 16.98302, 25.91781, 21.58437, 22.35373, 35.68934, 15.21624, 23.18675, 26.54713, 31.70937, 18.27159, 24.82003, 13.70789, 66.97303, 19.30542, 45.52299, 31.05112, 23.81864], "21": [114.57607, 101.81208, 77.49364, 65.99147, 107.35514, 130.0527, 91.907, 65.4241, 54.52092, 180.25966, 157.76878, 129.20015, 180.26679, 96.13598, 83.92469, 123.46054, 180.33029, 69.69976, 114.43365, 106.53201, 180.40885, 104.41703, 180.0478, 107.13316, 68.47384, 102.0302, 71.55263, 52.50575, 127.25703, 52.55064]}, "a5_runtimes": {}}