{"a1_runtimes": {}, "a2_runtimes": {}, "a3_runtimes": {}, "a4_runtimes": {"421": [5.25178, 7.22396, 9.4543, 0.57338, 0.18509, 3.63818, 5.78542, 13.44086, 7.01167, 27.67442, 8.32781, 4.11504, 5.13091, 5.02146, 6.26926, 11.78551, 13.18114, 0.9611, 2.25402, 20.81639, 17.42116, 13.41422, 11.60728, 10.25234, 10.70591, 13.29784, 0.86819, 19.56145, 29.7558, 38.85464], "441": [20.11208, 2.2237, 9.99942, 2.40083, 15.94182, 8.22568, 1.68632, 1.51077, 1.55008, 4.84945, 3.64123, 1.294, 4.73055, 1.61882, 6.32872, 7.98293, 0.37236, 1.56371, 15.29291, 2.29684, 0.28368, 2.84559, 0.1934, 9.69985, 5.48, 4.50274, 2.22091, 1.69919, 3.76948, 9.54043]}, "a5_runtimes": {}}