{"a1_runtimes": {}, "a2_runtimes": {}, "a3_runtimes": {}, "a4_runtimes": {"79": [18.27753, 6.35055, 7.86768, 4.31602, 8.9537, 4.38051, 5.47536, 0.11057, 7.53694, 2.16182, 4.3069, 0.99508, 4.06183, 15.96936, 4.81507, 4.0943, 4.00381, 8.37191, 4.40448, 4.21991, 3.58994, 10.84388, 7.48516, 3.56348, 3.86834, 10.00849, 7.34893, 11.20665, 4.57036, 20.93397], "80": [4.34507, 1.83903, 3.1299, 8.5782, 6.1167, 9.18917, 3.56285, 8.21829, 10.29381, 6.51214, 6.59656, 7.54645, 5.03749, 4.85697, 11.51102, 2.18025, 9.07981, 6.37902, 6.45953, 12.44256, 7.0606, 6.02968, 16.48181, 8.8687, 7.13712, 11.48695, 4.40869, 0.10514, 9.27646, 9.52062], "81": [6.21744, 3.58915, 2.27516, 9.23506, 8.51445, 4.35346, 3.50818, 2.95024, 6.48365, 13.58665, 6.69788, 7.0389, 4.71939, 7.15342, 0.19335, 18.8468, 7.05299, 7.68109, 16.73872, 1.29284, 0.7579, 3.52854, 5.65278, 3.44335, 3.63051, 3.29384, 0.71293, 5.68426, 4.31575, 3.19156], "82": [8.32449, 43.3445, 1.42723, 3.30261, 11.43107, 0.57021, 2.8684, 4.7627, 32.21097, 0.18769, 7.75014, 14.36686, 2.70975, 2.92104, 2.33091, 3.02373, 3.12498, 18.28917, 5.12258, 7.24434, 7.21112, 6.09289, 9.88654, 4.59871, 1.74324, 10.41063, 12.16588, 3.70264, 6.101, 3.39006], "83": [0.04919, 9.15213, 2.66007, 8.27786, 19.49845, 4.95564, 5.46407, 1.45641, 5.22999, 7.53608, 24.11377, 1.63885, 2.09499, 7.57682, 17.01042, 5.79725, 5.44011, 1.72618, 20.38167, 5.12179, 7.37865, 4.38707, 9.36982, 4.59649, 3.05712, 0.8185, 2.32001, 8.3654, 5.16668, 9.94946], "84": [17.714, 3.77471, 1.56104, 4.91356, 13.08959, 10.77247, 0.06206, 2.85524, 3.73066, 9.68814, 7.0248, 1.26276, 4.11152, 12.83451, 6.22018, 3.80431, 6.21938, 3.65833, 3.5005, 8.32487, 6.19091, 14.91126, 2.83859, 1.94928, 2.91112, 9.53563, 4.27783, 6.22422, 2.30156, 0.76085], "85": [3.07221, 7.28837, 5.75242, 10.24417, 10.83472, 3.99715, 2.84833, 3.14331, 5.44433, 5.53905, 8.88647, 18.79732, 2.53824, 12.09029, 8.13003, 2.96502, 3.95989, 10.16429, 6.7719, 5.23846, 14.83841, 1.9305, 8.29862, 3.52461, 4.78239, 5.25129, 0.61014, 2.78365, 4.99778, 4.74645], "86": [2.10059, 9.46608, 4.12754, 3.7174, 5.93477, 2.75606, 10.91557, 3.21265, 12.47483, 5.07954, 22.02586, 7.37527, 5.24961, 2.99605, 4.19362, 15.86621, 40.0246, 0.61326, 9.07829, 3.75487, 2.1144, 15.55349, 0.11569, 3.06207, 16.68162, 0.65003, 4.4342, 3.41633, 6.16588, 4.35956], "87": [31.4862, 0.1537, 5.38608, 1.95596, 8.23382, 13.00747, 2.70896, 19.29921, 0.15812, 2.6256, 4.40206, 4.0667, 3.72164, 3.37805, 4.95316, 3.44427, 3.53715, 3.91579, 3.64083, 1.81754, 3.95585, 5.69497, 7.87299, 4.79046, 8.91266, 5.61109, 4.84395, 3.18853, 6.36468, 6.2059], "88": [5.37829, 3.10442, 4.29753, 10.10281, 13.67989, 1.34868, 5.78318, 13.10979, 3.37218, 14.47519, 3.61414, 0.93981, 0.85953, 0.76557, 2.7154, 11.18463, 1.10209, 3.16025, 5.73835, 5.01519, 0.05678, 3.74567, 2.52481, 20.87356, 7.02509, 5.91834, 0.14062, 5.79972, 0.34772, 8.26823], "89": [3.82481, 5.44342, 10.91491, 23.14365, 7.88734, 20.3372, 5.6169, 3.19857, 2.53984, 2.71436, 12.43181, 5.18781, 11.54844, 2.20591, 15.17127, 11.0402, 1.85995, 6.12654, 14.08292, 1.23474, 24.04336, 3.37573, 3.77526, 3.23141, 4.77865, 3.43276, 1.12669, 3.54756, 4.02654, 2.4092], "90": [5.84193, 2.18741, 5.41158, 0.16073, 5.45692, 3.35055, 6.35446, 30.35443, 0.36633, 6.78864, 4.24728, 16.06755, 0.07193, 7.81995, 5.41657, 2.57859, 3.51708, 3.15492, 7.00915, 7.56086, 3.53206, 5.61728, 1.35427, 3.3416, 3.00785, 2.71176, 17.44206, 5.1038, 5.31839, 7.64932], "91": [3.80655, 4.4861, 5.61933, 0.93454, 0.46005, 7.97993, 39.34302, 1.96879, 11.6667, 0.13315, 4.29115, 5.55294, 2.03956, 0.68359, 5.39906, 5.25786, 5.24406, 16.6424, 3.08513, 7.33414, 2.77966, 1.16999, 15.68707, 0.31195, 11.58993, 5.81272, 5.08076, 3.35524, 4.62171, 1.28755], "92": [9.03484, 4.03131, 6.16341, 3.46697, 3.32267, 7.37954, 10.47891, 6.04119, 3.28173, 6.67692, 12.19923, 3.03314, 8.83493, 4.49236, 12.64817, 7.47857, 5.53713, 7.57963, 4.06049, 4.29944, 4.10724, 5.7585, 4.57236, 4.32352, 4.90719, 1.04385, 5.1283, 9.1313, 3.22443, 4.48355], "93": [7.60287, 1.25254, 5.8531, 37.20883, 18.38976, 0.51831, 2.5809, 6.43584, 7.93352, 6.25996, 7.46298, 8.07816, 3.64224, 9.03042, 3.51408, 3.8641, 1.57551, 0.19741, 3.49869, 7.23087, 1.10973, 4.91887, 0.26298, 4.72703, 8.24473, 2.04034, 2.01156, 4.59969, 1.09095, 8.11968], "94": [1.38847, 5.53585, 4.23901, 7.50494, 3.06596, 27.23872, 4.79402, 4.43902, 7.25636, 3.10267, 4.216, 4.07678, 9.58191, 4.55083, 3.84336, 1.93421, 4.82323, 10.25443, 3.54545, 6.2341, 8.01292, 7.71059, 5.89318, 15.99277, 0.40036, 4.69804, 9.37961, 3.34033, 51.20365, 31.51765], "95": [19.03388, 0.94191, 8.84173, 0.82428, 9.54771, 0.34792, 2.87001, 6.86765, 23.67974, 32.21831, 9.17628, 5.0716, 4.89248, 8.70008, 3.99121, 3.70053, 1.80777, 2.71684, 3.91375, 35.88415, 11.61652, 3.71739, 5.6864, 3.51889, 2.87099, 7.72638, 0.47111, 3.0271, 11.88675, 0.11548], "96": [4.53636, 8.56524, 5.12855, 1.06394, 6.53977, 9.87362, 0.1577, 22.37715, 8.91969, 4.8306, 3.41932, 5.24396, 8.00882, 9.21865, 5.22524, 0.49847, 14.83753, 28.33802, 1.50934, 21.64937, 1.34283, 5.11518, 4.98419, 2.87405, 1.2291, 2.61046, 1.54453, 6.6408, 1.04643, 2.42535], "97": [4.50487, 1.89018, 3.9756, 7.24999, 3.71047, 3.87865, 2.57521, 4.10861, 9.8026, 5.17585, 3.49852, 12.97706, 5.13655, 5.25502, 2.49636, 4.35415, 3.99078, 8.6525, 6.26779, 9.84554, 3.24208, 14.37313, 3.20158, 16.11123, 21.85091, 10.43135, 3.19341, 6.57322, 4.72699, 2.6624], "98": [1.38689, 1.78989, 3.86541, 0.45534, 17.04718, 3.38708, 12.85985, 10.79183, 8.82022, 0.61544, 2.5032, 0.28484, 4.54805, 2.80732, 0.95264, 3.54365, 3.35439, 4.50136, 8.09565, 5.57411, 3.02665, 4.47179, 5.47333, 1.11648, 3.08295, 2.16772, 9.08789, 17.09512, 8.39794, 6.06213], "99": [0.16886, 3.59256, 3.47818, 4.72987, 10.4153, 2.60957, 2.41628, 2.22819, 2.64128, 2.16342, 4.12827, 6.23878, 28.66749, 5.10173, 4.41154, 2.18347, 0.25831, 8.82611, 0.28527, 9.05845, 0.30033, 13.71119, 7.6393, 4.18473, 4.28083, 1.40523, 6.81461, 1.29909, 7.00809, 7.2223], "100": [9.16268, 4.95982, 8.03484, 4.03766, 5.66552, 2.5599, 3.29758, 1.96801, 35.35064, 14.93356, 2.51076, 4.98443, 8.22827, 6.05506, 9.87233, 10.36688, 4.77628, 2.25101, 4.61898, 2.95923, 2.51697, 14.0079, 15.02122, 5.48957, 3.80623, 2.945, 10.51629, 17.91371, 3.33245, 11.35208], "101": [3.22475, 4.08304, 2.06002, 4.08629, 0.56394, 4.66678, 3.82297, 3.43917, 6.10595, 7.51159, 12.49307, 3.39097, 7.54557, 4.01166, 2.85817, 6.21498, 0.04548, 2.09, 8.95688, 4.21806, 4.51604, 6.44348, 6.0613, 5.37249, 8.88357, 2.27148, 3.83299, 1.96281, 0.61503, 4.11168], "102": [6.89579, 2.96993, 6.97603, 0.0843, 3.37309, 9.1084, 2.50253, 1.87715, 6.60221, 6.66473, 4.38332, 5.05415, 6.62801, 4.2999, 3.07042, 32.65097, 7.10805, 6.35847, 4.57798, 6.21826, 6.51939, 4.49274, 8.55502, 3.03305, 9.80621, 7.13615, 7.30827, 2.58238, 1.39449, 5.02082], "103": [4.53403, 0.16633, 0.08434, 6.08621, 8.14438, 1.87854, 0.13051, 7.71135, 5.19447, 6.87226, 1.86483, 1.95902, 1.98536, 3.47009, 10.85693, 3.00292, 10.45012, 1.91432, 1.38877, 0.17075, 1.93582, 1.41113, 0.89573, 7.12025, 2.72042, 8.39638, 2.10941, 3.212, 0.51834, 6.35871], "104": [0.89484, 4.73962, 0.93695, 5.30871, 4.78162, 4.19429, 10.24649, 16.3822, 9.52584, 6.82939, 7.63027, 8.82668, 3.8546, 2.88861, 1.23204, 10.39096, 7.28995, 4.24808, 5.4119, 4.42432, 1.69916, 5.44983, 4.05883, 2.44094, 2.98354, 6.7461, 3.35678, 4.18908, 9.62743, 1.38051], "105": [8.58991, 5.7252, 4.18012, 3.77981, 13.98279, 3.25634, 3.94119, 3.5381, 2.24882, 1.14275, 0.3133, 0.10487, 0.37591, 4.05013, 2.20425, 2.08616, 2.46628, 0.59613, 16.56698, 4.78807, 0.40764, 3.76904, 18.07552, 2.63733, 4.71597, 17.44102, 1.39857, 18.76092, 1.26597, 1.27202], "106": [7.44623, 3.0687, 2.77, 8.67953, 10.53276, 2.73388, 4.47823, 4.33514, 13.08771, 4.14276, 8.70053, 10.58145, 5.15598, 0.92933, 1.61553, 4.96608, 5.53226, 4.86122, 3.24729, 0.42554, 12.6034, 1.03277, 0.36553, 8.30865, 35.43852, 6.38251, 0.4692, 6.29631, 1.32617, 3.53787],