{"a1_runtimes": {}, "a2_runtimes": {}, "a3_runtimes": {}, "a4_runtimes": {"1": [8.47504, 10.11496, 12.822, 14.71956, 7.71825, 12.54198, 26.22552, 7.95653, 5.12841, 9.69842, 9.15652, 17.82256, 21.06575, 180.00652, 9.90616, 16.05773, 9.74748, 180.01411, 11.05945, 7.39246, 17.89963, 180.02146, 9.97905, 13.28517, 24.26837, 15.51472, 6.25306, 7.2171, 9.34414, 19.92282], "21": [40.86516, 31.34325, 26.49225, 180.19642, 39.29577, 22.18926, 55.0435, 20.816, 37.85265, 18.11734, 38.16882, 19.503, 46.43813, 19.28891, 14.90384, 19.90653, 145.65649, 44.82953, 23.90238, 40.73342, 27.87491, 81.70462, 68.50274, 80.09613, 65.27628, 25.36369, 45.92902, 44.03064, 64.37224, 38.90262], "41": [86.17541, 43.64743, 45.43555, 13.62583, 74.12195, 132.53412, 122.16684, 68.86641, 15.47792, 52.90915, 35.68534, 18.88558, 33.58551, 26.11941, 42.81746, 31.27659, 39.88618, 37.6895, 22.24757, 30.50082, 31.01691, 30.68213, 41.71394, 122.38769, 43.75194, 68.07024, 145.75113, 34.77277, 31.66672, 48.48096], "61": [12.61464, 35.22463, 52.05288, 23.23019, 31.58839, 15.89774, 24.75529, 2.12751, 64.64981, 11.63209, 48.05852, 16.38002, 181.24584, 96.77597, 18.16244, 31.0127, 118.8428, 43.70767, 31.69442, 52.95785, 18.18938, 38.45118, 61.55919, 181.30171, 15.0408, 5.98381, 20.90594, 180.02782, 38.79733, 80.85373], "81": [1.61608, 109.17598, 34.4772, 11.82864, 111.65532, 180.15886, 13.83137, 23.08669, 85.28115, 76.44743, 19.69612, 24.80202, 46.21787, 20.28034, 44.20585, 15.65924, 22.55124, 32.17091, 39.2901, 32.25037, 13.08316, 23.54217, 14.87765, 25.74218, 129.32311, 30.02859, 19.40608, 11.08155, 32.96856, 39.11629], "101": [92.16418, 20.05606, 74.51419, 33.68427, 34.69243, 18.48129, 14.94598, 23.5546, 55.55864, 24.30381, 48.75179, 15.77678, 5.78145, 40.93199, 13.63584, 31.83853, 10.54732, 27.61767, 40.5885, 4.80923, 12.04404, 75.82189, 52.87375, 94.48076, 24.95049, 15.72359, 27.88612, 28.20185, 23.31031, 22.95392]}, "a5_runtimes": {}}